{
	"info": {
		"_postman_id": "847bdc3a-20da-42ca-82ad-c92578907563",
		"name": "Inventory-Service",
		"schema": "https://schema.getpostman.com/json/collection/v2.1.0/collection.json",
		"_exporter_id": "29886816"
	},
	"item": [
		{
			"name": "IsInStock",
			"request": {
				"method": "GET",
				"header": [],
				"url": {
					"raw": "http://localhost:8083/api/inventory/sku_12345",
					"protocol": "http",
					"host": [
						"localhost"
					],
					"port": "8083",
					"path": [
						"api",
						"inventory",
						"sku_12345"
					]
				}
			},
			"response": []
		}
	]
}